<?xml version="1.0" encoding="UTF-8"?>
<template id="template" xml:space="preserve">
    <t t-name="QuotationButton">
        <span class="control-button quotation_button">
            <i class="fa fa-shopping-cart"/>
            Create Quotation
        </span>
    </t>

    <t t-name="QuotationListButton">
        <span class="control-button quotation_list_button">
            Quotation List
        </span>
    </t>

    <t t-name="QuotationPopupWidget">
        <div class="modal-dialog">
            <div class="popup popup-quot-order">
                <p class="title"><t t-esc=" widget.options.title || 'Create Quotation' " /></p>
                <p class="body">
                    <br/>
                    <br/>
                    <input type="date" name="order_date" class="order_date" placeholder="Delivery Date(yyyy/mm/dd)" maxlength="10"/>
                    <br/>
                    <br/>
                    <span class="alert_msg"/>
                    <br/>
                    <textarea rows="3" cols="34" name="order_note" class="form-control order_note" placeholder="Enter your notes here..."/>
                    <br/>
                </p>
                <div class="footer">
                    <div class="button confirm">
                        Create Order
                    </div>
                    <div class="button cancel">
                        Close
                    </div>
                </div>
            </div>
        </div>
    </t>

    <t t-name="QuotationResultPopupWidget">
        <div class="modal-dialog">
            <div class="popup popup_quot_ref">
                <p class="body"><t t-esc="widget.options.body || '' "/></p>
                <div class="footer">
                    <div class="button cancel">
                        OK
                    </div>
                </div>
            </div>
        </div>
    </t>

    <t t-name="QuotationListScreenWidget">
        <div class="quotation_list-screen screen">
            <div class="screen-content">
                <section class="top-content">
                    <span class='button back'>
                        <i class='fa fa-angle-double-left'></i>
                        Back
                    </span>
                    <span class='searchbox'>
                        <input placeholder='Search Quotation' />
                        <span class='search-clear'></span>
                    </span>
                    <span class='searchbox'></span>
                </section>
                <section class="full-content">
                    <div class='window'>
                        <section class='subwindow'>
                            <div class='subwindow-container'>
                                <div class='subwindow-container-fix touch-scrollable scrollable-y'>
                                    <table class='quotation-list'>
                                        <thead>
                                            <tr>
                                                <th>Quotation Reference</th>
                                                <th>Partner Name</th>
                                                <th>Date</th>
                                                <th>Total Amount</th>
                                                <th></th>
                                            </tr>
                                        </thead>
                                        <tbody class='quotation-list-contents'>
                                        </tbody>
                                    </table>
                                </div>
                            </div>
                        </section>
                    </div>
                </section>
            </div>
        </div>
    </t>

    <t t-name="QuotationLine">
        <tr class='quotation-line' t-att-data-id='quotation.id'>
            <td><t t-esc='quotation.name' /></td>
            <td><t t-esc='quotation.partner_id[1]'/></td>
            <td><t t-esc='quotation.date_order' /></td>
            <td><t t-esc='quotation.amount_total' /></td>
            <td><button class="confirm_quotation"><i class='fa fa-angle-double-right'></i>
                Confirm
            </button></td>
        </tr>
    </t>

    <t t-extend="PosTicket">
        <t t-jquery='.receipt-change' t-operation='after'>
            <t t-if='order.quotation_ref'>
                <br/>
                <div class='receipt-quotation'>
                    <table class='receipt-quotation-ref'>
                        <tr>
                            <td class="pos-left-align">
                                Quotation Ref:
                            </td>
                            <td class="pos-right-align">
                                <t t-esc='order.quotation_ref["name"]' />
                            </td>
                        </tr>
                    </table>
                </div>
            </t>
        </t>
    </t>
</template>





